{
  "train": {
    "error": 0.000000,
    "accuracy": 1.000000,
    "precision": 1.000000,
    "recall": 1.000000,
    "f1score": 1.000000
  },
  "test": {
    "error": 0.250000,
    "accuracy": 0.750000,
    "precision": 0.831579,
    "recall": 0.782178,
    "f1score": 0.806122
  }
}
